<?xml version="1.0" encoding="UTF-8"?>
<!DOCTYPE beans PUBLIC "-//SPRING//DTD BEAN//EN" "http://www.springframework.org/dtd/spring-beans.dtd">
<!-- /*客开 项目名称：新疆兵团项目  作者：wangyinan 修改日期：2014-5-20 [修改功能：安证通电子签章修改]start */ -->
<beans default-autowire="byName">
	<bean name="aztSystemInitializer" class="com.seeyon.v3x.plugin.azt.controller.SystemInitializer">
	  <property name="sortOrder">
	    <value>1</value>
	  </property>
	</bean>
	<bean id="MYAZTWebSignDao" class="com.seeyon.v3x.plugin.azt.dao.MYAZTWebSignDaoImpl"></bean>
	<bean id="myaztWebSignManager" class="com.seeyon.v3x.plugin.azt.manager.MYAZTWebSignManagerImpl"></bean>
	<bean name="/aztSign.do" class="com.seeyon.v3x.plugin.azt.controller.AztSignController" ></bean>
</beans>
<!-- /*客开 项目名称：新疆兵团项目  作者：wangyinan 修改日期：2014-5-20 [修改功能：安证通电子签章修改]end */ -->
