<?xml version="1.0" encoding="UTF-8"?>
<beans xmlns="http://www.springframework.org/schema/beans"
	xmlns:xsi="http://www.w3.org/2001/XMLSchema-instance" xmlns:context="http://www.springframework.org/schema/context"
	xmlns:aop="http://www.springframework.org/schema/aop" xmlns:tx="http://www.springframework.org/schema/tx"
	xmlns:mvc="http://www.springframework.org/schema/mvc" xmlns:p="http://www.springframework.org/schema/p"
	xsi:schemaLocation="
		   http://www.springframework.org/schema/beans
           http://www.springframework.org/schema/beans/spring-beans-3.0.xsd
           http://www.springframework.org/schema/context http://www.springframework.org/schema/context/spring-context-3.0.xsd
           http://www.springframework.org/schema/aop http://www.springframework.org/schema/aop/spring-aop-3.0.xsd
           http://www.springframework.org/schema/tx http://www.springframework.org/schema/tx/spring-tx-3.0.xsd
           http://www.springframework.org/schema/mvc http://www.springframework.org/schema/mvc/spring-mvc-3.0.xsd">
     <!--1.: 配置java类上可以直接使用注解 -->
     <context:annotation-config/>
     
     <!-- 2.:
    	 当使用 <mvc:resources mapping="/**" location="classpath:/resources/,/"/>这个标签或者是 [7.:]
     	内容,这个标签都是必须的.至于为什么一定要使用这个标签我现在还不知道,但是如果不用,那么用@Controller与@RequestMapping共同
     	标注的请求将会无法访问.
     -->
	<mvc:annotation-driven />
	
	<!-- 3.: 用于控制将要扫描那些包中的注解-->
     <context:component-scan base-package="cn.wulin"/>
     
     <!-- 4.:使用freemarker作为视图时的第一个重要的配置 -->
	<bean id="viewResolver"
        class="org.springframework.web.servlet.view.freemarker.FreeMarkerViewResolver">
        <property name="cache" value="true" />
        <property name="prefix" value="" />
        <property name="suffix" value=".html" />
        <property name="contentType" value="text/html;charset=UTF-8"></property>
        <property name="requestContextAttribute" value="request" />
        <property name="exposeSpringMacroHelpers" value="true" />
        <property name="exposeRequestAttributes" value="true" />
        <property name="exposeSessionAttributes" value="true" />
    </bean>
    
    <!-- 5.:使用freemarker作为视图时的第二个重要的配置 ,这个配置已经被 cn.wulin.config.SpringMVCConfig 这个类给替代了-->
<!--     <bean id="freemarkerConfig" -->
<!--         class="org.springframework.web.servlet.view.freemarker.FreeMarkerConfigurer"> -->
        <!-- 配置freemarker视图模版的前缀路径 -->
<!--         <property name="templateLoaderPath" value="/resources/freemarker/" /> -->
<!--         <property name="freemarkerSettings"> -->
<!--             <props> -->
<!--                 <prop key="template_update_delay">0</prop> -->
<!--                 <prop key="default_encoding">UTF-8</prop> -->
<!--                 <prop key="number_format">0.##########</prop> -->
<!--                 <prop key="datetime_format">yyyy-MM-dd HH:mm:ss</prop> -->
<!--                 <prop key="classic_compatible">true</prop> -->
<!--                 <prop key="template_exception_handler">ignore</prop> -->
<!--             </props> -->
<!--         </property> -->
<!--     </bean>	-->
		
		<!-- 6.:
			这个主要是配置我们的资源文件访问路径方式,使用了这个配置就一定要使用[2.:]这个配置
		 -->			 
<!-- 	 <mvc:resources mapping="/**" location="classpath:/resources/,/"/>	 -->
	 
	 <!-- 7.: 
	 	这配置与[6.:]这个配置所起作用是一样的.只是这个配置更为灵活一些
	 -->
	<bean class="org.springframework.web.servlet.handler.SimpleUrlHandlerMapping">
		<property name="urlMap">
			<map>
				<entry key="/**" value-ref="resourceHttpRequestHandler" />
			</map>
		</property>
	</bean>
	<bean id="resourceHttpRequestHandler" class="cn.wulin.config.ResourceHttpRequestHandler">
		<property name="locations">
			<list>
				<value>classpath:/resources/</value>
				<value>/</value>
			</list>
		</property>
	</bean>
	
	<!-- 8.:
		为什么要是用这个,我现在还不知道,但是应该是与[7.:]这个配置是一起的,我还没有测试过.
	 -->
	<bean id="multipartResolver" class="org.springframework.web.multipart.commons.CommonsMultipartResolver"/>
	 
	 
</beans>
