<?xml version="1.0" encoding="UTF-8"?>
<beans xmlns="http://www.springframework.org/schema/beans"
	xmlns:xsi="http://www.w3.org/2001/XMLSchema-instance" xmlns:context="http://www.springframework.org/schema/context"
	xmlns:aop="http://www.springframework.org/schema/aop" xmlns:tx="http://www.springframework.org/schema/tx"
	xmlns:mvc="http://www.springframework.org/schema/mvc" xmlns:p="http://www.springframework.org/schema/p"
	xsi:schemaLocation="
		   http://www.springframework.org/schema/beans
           http://www.springframework.org/schema/beans/spring-beans-3.0.xsd
           http://www.springframework.org/schema/context http://www.springframework.org/schema/context/spring-context-3.0.xsd
           http://www.springframework.org/schema/aop http://www.springframework.org/schema/aop/spring-aop-3.0.xsd
           http://www.springframework.org/schema/tx http://www.springframework.org/schema/tx/spring-tx-3.0.xsd
           http://www.springframework.org/schema/mvc http://www.springframework.org/schema/mvc/spring-mvc-3.0.xsd">
    <context:annotation-config/>
	<mvc:annotation-driven />
     <context:component-scan base-package="cn.wulin.controller"/>
     <!-- 使用freemarker作为视图时的第一个重要的配置 -->
	<bean id="viewResolver"
        class="org.springframework.web.servlet.view.freemarker.FreeMarkerViewResolver">
        <property name="cache" value="true" />
        <property name="prefix" value="" />
        <property name="suffix" value=".html" />
        <property name="contentType" value="text/html;charset=UTF-8"></property>
        <property name="requestContextAttribute" value="request" />
        <property name="exposeSpringMacroHelpers" value="true" />
        <property name="exposeRequestAttributes" value="true" />
        <property name="exposeSessionAttributes" value="true" />
    </bean>
    
    <!-- 使用freemarker作为视图时的第二个重要的配置 -->
    <bean id="freemarkerConfig"
        class="org.springframework.web.servlet.view.freemarker.FreeMarkerConfigurer">
        <!-- 配置freemarker视图模版的前缀路径 -->
        <property name="templateLoaderPath" value="/resources/freemarker/" />
        <property name="freemarkerSettings">
            <props>
                <prop key="template_update_delay">0</prop>
                <prop key="default_encoding">UTF-8</prop>
                <prop key="number_format">0.##########</prop>
                <prop key="datetime_format">yyyy-MM-dd HH:mm:ss</prop>
                <prop key="classic_compatible">true</prop>
                <prop key="template_exception_handler">ignore</prop>
            </props>
        </property>
    </bean>		
    
    <mvc:resources mapping="/**" location="classpath:/resources/,/"/>								
     
</beans>
