<?xml version="1.0" encoding="UTF-8"?>
<site>
   <description url="http://subclipse.tigris.org/update_1.6.x">
      Eclipse Install/Update site for Subclipse
   </description>
   <feature url="features/com.collabnet.subversion.merge.feature_2.2.3.jar" id="com.collabnet.subversion.merge.feature" version="2.2.3">
      <category name="Subclipse"/>
   </feature>
   <feature url="features/org.tigris.subversion.subclipse.mylyn_3.0.0.jar" id="org.tigris.subversion.subclipse.mylyn" version="3.0.0">
      <category name="Subclipse"/>
   </feature>
   <feature url="features/org.tigris.subversion.subclipse.graph.feature_1.0.9.jar" id="org.tigris.subversion.subclipse.graph.feature" version="1.0.9">
      <category name="Subclipse"/>
   </feature>
   <feature url="features/org.tmatesoft.svnkit_1.3.5.7406.jar" id="org.tmatesoft.svnkit" version="1.3.5.7406">
      <category name="SVNKit Library"/>
   </feature>
   <feature url="features/com.sun.jna_3.2.7.jar" id="com.sun.jna" version="3.2.7">
      <category name="JNA Library"/>
   </feature>
   <feature url="features/org.tigris.subversion.clientadapter.svnkit.feature_1.6.15.jar" id="org.tigris.subversion.clientadapter.svnkit.feature" version="1.6.15">
      <category name="Subclipse"/>
   </feature>
   <feature url="features/org.tigris.subversion.clientadapter.feature_1.6.12.jar" id="org.tigris.subversion.clientadapter.feature" version="1.6.12">
      <category name="Subclipse"/>
   </feature>
   <feature url="features/org.tigris.subversion.subclipse_1.6.17.jar" id="org.tigris.subversion.subclipse" version="1.6.17">
      <category name="Subclipse"/>
   </feature>
   <feature url="features/org.tigris.subversion.clientadapter.javahl.feature_1.6.15.jar" id="org.tigris.subversion.clientadapter.javahl.feature" version="1.6.15">
      <category name="Subclipse"/>
   </feature>
   <category-def name="SVNKit Library" label="Core SVNKit Library">
      <description>
         SVNKit Library
      </description>
   </category-def>
   <category-def name="JNA Library" label="Optional JNA Library (recommended)">
      <description>
         Includes JNA Library plugin which is optionally used by SVNKit to improve performance of certain low-level filesystem operations and to implement some additional features. JNA Library is licensed under the terms of LGPL. It is strongly recommened to install JNA Library, unless you could not accept LGPL software in your environment.
      </description>
   </category-def>
   <category-def name="Subclipse" label="Subclipse">
      <description>
         Subversion 1.6 plug-in for Eclipse 3.2 and higher.
      </description>
   </category-def>
</site>
