<?xml version="1.0" encoding="UTF-8"?>
<beans xmlns="http://www.springframework.org/schema/beans"
	xmlns:xsi="http://www.w3.org/2001/XMLSchema-instance" xmlns:context="http://www.springframework.org/schema/context"
	xmlns:aop="http://www.springframework.org/schema/aop" xmlns:tx="http://www.springframework.org/schema/tx"
	xmlns:mvc="http://www.springframework.org/schema/mvc" xmlns:p="http://www.springframework.org/schema/p"
	xsi:schemaLocation="
		   http://www.springframework.org/schema/beans
           http://www.springframework.org/schema/beans/spring-beans-3.0.xsd
           http://www.springframework.org/schema/context http://www.springframework.org/schema/context/spring-context-3.0.xsd
           http://www.springframework.org/schema/aop http://www.springframework.org/schema/aop/spring-aop-3.0.xsd
           http://www.springframework.org/schema/tx http://www.springframework.org/schema/tx/spring-tx-3.0.xsd
           http://www.springframework.org/schema/mvc http://www.springframework.org/schema/mvc/spring-mvc-3.0.xsd">
<!--     <context:annotation-config/> -->
<!-- 	<mvc:annotation-driven /> -->
	 <context:component-scan base-package="cn.wulin"></context:component-scan> 
	
	<bean id="freeMarkerViewResolver"  
        class="org.springframework.web.servlet.view.freemarker.FreeMarkerViewResolver">  
        <property name="viewClass"  
            value="org.springframework.web.servlet.view.freemarker.FreeMarkerView" /> 
        <property name="prefix" value="" />
        <property name="suffix" value=".jsp" />
        <property name="cache" value="false"/>
        <property name="order" value="1"/>
        <property name="contentType" value="text/html;charset=UTF-8" />
        <property name="exposeSessionAttributes" value="true" />  
        <property name="exposeRequestAttributes" value="true" />  
        <property name="requestContextAttribute" value="request"/>
    </bean>
<!-- 	<mvc:resources mapping="/**" location="classpath:/freemarker/,/"/> -->
	
	<!-- 配置请求映射关系 -->
	<bean class="org.springframework.web.servlet.handler.SimpleUrlHandlerMapping">
		<property name="mappings">
			<props>
				<prop key="freemarkerController.freemarker">freemarkerController</prop>
			</props>
		</property>
	</bean>
	<bean id="freemarkerController" class="cn.wulin.controller.freemarker.FreemarkerController" />
	
	
<!-- 	<bean class="org.springframework.web.servlet.handler.SimpleUrlHandlerMapping"> -->
<!-- 		<property name="urlMap"> -->
<!-- 			<map> -->
<!-- 				<entry key="/**" value-ref="resourceHttpRequestHandler" /> -->
<!-- 			</map> -->
<!-- 		</property> -->
<!-- 	</bean> -->
<!-- 	<bean id="resourceHttpRequestHandler" class="com.bjhy.platform.config.ResourceHttpRequestHandler"> -->
<!-- 		<property name="locations"> -->
<!-- 			<list> -->
<!-- 				<value>classpath:/platform/</value> -->
<!-- 				<value>/</value>' -->
<!-- 			</list> -->
<!-- 		</property> -->
<!-- 	</bean> -->
<!-- 	<bean id="multipartResolver" class="org.springframework.web.multipart.commons.CommonsMultipartResolver"/> -->
</beans>
